,AR,range,sigma
0,10268,63,217.708072364639
1,10274,28,218.5472978882058
2,8056,32,133.15429901522168
3,8060,39,95.42976331575997
